Latitude,Longitude,Applicant
37.7678524427181,-122.416104892532,Pipo's Grill
37.782143532929,-122.43044978594901,Bob Johnson
37.8017914435056,-122.402308963297,Smokin Warehouse Barbecue
37.763292918729,-122.41074477293002,"Del Popolo, LLC."
37.794331003246796,-122.395811053023,Ziaurehman Amini
37.7878896999061,-122.400535326777,The Chai Cart
37.7862510074437,-122.399520766943,Plaza Garibaldy
37.7715637663341,-122.41880150543899,Smokin Warehouse Barbecue
37.7974551567824,-122.399011222821,"Del Popolo, LLC."
37.7325595789318,-122.39206319496901,Bob Johnson
37.7932137316634,-122.397043036718,Ziaurehman Amini
37.776235018471205,-122.418435137885,"Del Popolo, LLC."
37.774259263059996,-122.419485988398,Athena SF Gyro
37.7710219992437,-122.403546254184,Athena SF Gyro
37.7453089086563,-122.40342005999901,Reecees Soulicious
37.7350042289514,-122.39017246969999,Reecees Soulicious
37.7865580501799,-122.40103337535,Spice Affairs
37.7899138671344,-122.405232892524,Spice Affairs
37.7898898782098,-122.399930411351,Halal Cart of San Francisco
37.7917572059444,-122.39889763689199,Halal Cart of San Francisco
37.7834700660829,-122.408040736138,"Halal Cart, LLC"
37.783046099749996,-122.39406659923,Los 2 Cuates
37.742550373559205,-122.49267708221501,Swell Cream & Coffee
37.741290284770706,-122.49437792043501,Swell Cream & Coffee
37.7933707169278,-122.39423328044799,M M Catering
37.72366127950529,-122.43594382523999,Fruteria Serrano
37.753040320194295,-122.38663176353799,M M Catering
37.793304275561,-122.40145899841299,Munch India
37.7528223681215,-122.405531919216,Cochinita
37.766510926908296,-122.40926014493,M M Catering
37.785345676641796,-122.39945527669799,M M Catering
37.7733408773453,-122.422806203983,M M Catering
37.7638066535277,-122.412610953897,M M Catering
37.7988640669494,-122.400263583781,M M Catering
37.7875984155546,-122.404090439434,Mob Dog
37.7516910357229,-122.39437421326299,M M Catering
37.793871507150605,-122.39486523862101,M M Catering
37.774984306068795,-122.40784088806002,M M Catering
37.7865580501799,-122.40103337535,M M Catering
37.7569070856214,-122.39052536813499,M M Catering
37.75472460401279,-122.388456870373,M M Catering
37.7469482955131,-122.40339096031299,Eli's Hot Dogs
37.7255769923986,-122.454152837668,BHUK Burger
37.7416236862353,-122.401547206397,Tacos Santo Toribio
37.777642208509995,-122.393418145932,"Kabob Trolley, LLC"
37.7891192076677,-122.39588103933501,Bonito Poke
37.710841283585296,-122.399642614963,Singh Brothers Ice Cream
37.729438288454,-122.376657800723,Singh Brothers Ice Cream
37.7267279782571,-122.388658428832,Singh Brothers Ice Cream
37.7201747226493,-122.389407114342,Singh Brothers Ice Cream
37.7189398190959,-122.390517872066,Singh Brothers Ice Cream
37.733438811640795,-122.38046754951799,Singh Brothers Ice Cream
37.7303742378628,-122.38186187865699,Singh Brothers Ice Cream
37.726708272962206,-122.3836249172,Singh Brothers Ice Cream
37.722793688759296,-122.391719666472,Singh Brothers Ice Cream
37.727168068782,-122.390029148701,Singh Brothers Ice Cream
37.725450702172296,-122.391991641418,Singh Brothers Ice Cream
37.720449362659394,-122.395915014237,Singh Brothers Ice Cream
37.7104516918675,-122.39614907899599,Singh Brothers Ice Cream
37.7192002177133,-122.395976731096,Singh Brothers Ice Cream
37.7164430021474,-122.389937879321,Singh Brothers Ice Cream
37.7393571608675,-122.39152281175899,Singh Brothers Ice Cream
37.716991290324,-122.38959908417,Singh Brothers Ice Cream
37.7185220485664,-122.396661444417,Singh Brothers Ice Cream
37.7251817007288,-122.38819268844401,Singh Brothers Ice Cream
37.7286714428179,-122.38186508864099,Singh Brothers Ice Cream
37.727744490701106,-122.382107375242,Singh Brothers Ice Cream
37.790548318183205,-122.40033367367901,Taza Halal Cart
37.7871815311957,-122.40793990670099,San Francisco's Hometown Creamery
37.7743376663696,-122.394053286313,Wonder Philly
37.7394454528691,-122.39301498669799,Taqueria Lolita
37.744889286143,-122.390971976935,Taqueria Lolita
37.7662450471029,-122.38735628651101,Bonito Poke
37.787988648995295,-122.396100668472,Bonito Poke
37.7932137316634,-122.397043036718,Golden Gate Halal Food
37.7822807724186,-122.40953118732,Golden Gate Halal Food
37.789249534075104,-122.402418597294,Plaza Garibaldy
37.796123380252105,-122.39727320433799,Wu Wei LLC dba MoBowl
37.7909215072692,-122.400100423738,Plaza Garibaldy
37.7969490060212,-122.402183431894,Akuranvyka USA Inc
37.7800771744392,-122.393767294483,Akuranvyka USA Inc
37.748489384977496,-122.415562670854,Mario's Colombian and Mexican Food
37.7783302557659,-122.411515865268,"Kabob Trolley, LLC"
37.7879549596858,-122.397236543731,Plaza Garibaldy
37.7969137124835,-122.396650675264,Wu Wei LLC dba MoBowl
37.791557864154896,-122.391671499786,Wu Wei LLC dba MoBowl
37.767355021369795,-122.420517913829,Julie's Hot Dogs
37.793304275561,-122.40145899841299,Serendipity SF
37.792323803535105,-122.401497177566,Serendipity SF
37.7588799920148,-122.419379202984,Julie's Hot Dogs
37.7631746196338,-122.419009514771,Julie's Hot Dogs
37.7686819831589,-122.420334571353,Street Meet
37.781596745760204,-122.43485778844,Mang Hang Catering
37.7546149514892,-122.39038813202,Mang Hang Catering
37.7844207368995,-122.418405351782,Mang Hang Catering
37.7791572053411,-122.411615430519,Mang Hang Catering
37.7447521916164,-122.385679248721,Mang Hang Catering
37.7485497942591,-122.416170662008,Mang Hang Catering
37.7456930261204,-122.390714584821,Mang Hang Catering
37.776550042819096,-122.446307635558,Mang Hang Catering
37.7100033342894,-122.471411913129,Mang Hang Catering
37.789826918763296,-122.42112628905599,Mang Hang Catering
37.7807231475444,-122.447789640478,Mang Hang Catering
37.788457028828894,-122.399884160566,Mang Hang Catering
37.7951055609814,-122.400876633726,Mang Hang Catering
37.7824235632947,-122.393236399398,Mang Hang Catering
37.7556370098323,-122.405101930379,Mang Hang Catering
37.7683069928,-122.41200033609199,Mang Hang Catering
37.7609571682785,-122.421824199358,Mang Hang Catering
37.773364053190896,-122.437875225303,The Chef Station
37.77582551975829,-122.41724962664301,The Chef Station
37.7903462473414,-122.401850190989,Ruru Juice LLC
37.757938520741895,-122.418630583281,Julie's Hot Dogs
37.759240285150206,-122.418544171117,Julie's Hot Dogs
37.7876716444879,-122.399762925839,Ruru Juice LLC
37.763690871096,-122.39045738601601,May Catering
37.7599514294279,-122.414049680224,May Catering
37.756717299837106,-122.387648962993,May Catering
37.77582551975829,-122.41724962664301,Senor Sisig
37.7922616341775,-122.403485955391,John's Catering #5
37.7891192076677,-122.39588103933501,John's Catering #5
37.7438311721327,-122.377797368962,Quan Catering
37.7441784473757,-122.386715929759,Quan Catering
37.7666247727157,-122.429511176347,BH & MT LLC
37.7093754640014,-122.404154378509,Quan Catering
37.7555344716039,-122.39392527753901,F & C Catering
37.7732879404704,-122.440032316635,Liang Bai Ping
37.7232598663241,-122.39117288596901,Liang Bai Ping
37.794929095049895,-122.443832982483,D & T Catering
37.7904067199405,-122.399275886086,The Chai Cart
37.7259455580465,-122.382281153253,Liang Bai Ping
37.7377268665958,-122.376572914573,F & C Catering
37.7533808099749,-122.386367685857,F & C Catering
37.7955856498634,-122.44171824428801,D & T Catering
37.7908384194517,-122.401160370299,Curry Up Now
37.764038182817394,-122.41375751658899,May Catering
37.7899082332987,-122.45676253398199,D & T Catering
37.7410262077887,-122.387792927994,Park's Catering
37.77812837973379,-122.418652129997,John's Catering #5
37.786856111883104,-122.406891892997,"The New York Frankfurter Co. of CA, Inc. DBA: Annie's Hot Dogs"
37.7666898573867,-122.39718232278,May Catering
37.7851109204478,-122.407422668277,Creme Brulee To Go
37.7272121739004,-122.399636251644,Anas Goodies Catering
37.789391976102706,-122.401824747121,"San Francisco Street Foods, Inc."
37.7636598013494,-122.389133857405,Anas Goodies Catering
37.781380027554896,-122.423143845506,Anas Goodies Catering
37.7765668965195,-122.42339537672702,Let's Be Frank
37.794331003246796,-122.395811053023,"San Francisco Street Foods, Inc."
37.710933792981,-122.40278453801001,Golden Catering
37.7272340074959,-122.38181551187,Liang Bai Ping
37.77140194658789,-122.391771646847,Subs on Hubs
37.769124412168104,-122.391474911246,SF Cart Project
37.7922955998187,-122.40070689723301,Philz Coffee Truck
37.789666826962105,-122.451627836117,D & T Catering
37.785469746489895,-122.406615761073,"The New York Frankfurter Co. of CA, Inc. DBA: Annie's Hot Dogs"
37.7580373934881,-122.39167189068199,Anas Goodies Catering
37.7677340926708,-122.410152601942,Munch A Bunch
37.7571245603861,-122.38852951525699,Natan's Catering
37.7243975297434,-122.391505116383,Liang Bai Ping
37.7448024193644,-122.402540218927,Two G's Catering
37.7240091065402,-122.39298678257799,May Catering
37.775774368410296,-122.437331607841,BH & MT LLC
37.7875875047281,-122.39047154033199,John's Catering #5
37.7992601135023,-122.39961794865499,"Off the Grid Services, LLC"
37.7495331145231,-122.41311653672899,May Catering
37.793871507150605,-122.39486523862101,Halal Cart of San Francisco
37.7987549364009,-122.40179879385401,Mike's Catering
37.7763271477899,-122.39179682107701,"Off the Grid Services, LLC"
37.780868436568106,-122.42546772661801,John's Catering #5
37.7254980479505,-122.388369150442,Liang Bai Ping
37.717779453627,-122.391654765179,May Catering
37.76854328902421,-122.408492892439,Steve's Mobile Deli
37.710837931141,-122.393543363013,May Catering
37.7638112772906,-122.391265350599,May Catering
37.788583655156,-122.45605989436599,D & T Catering
37.7550307267667,-122.384530734223,Natan's Catering
37.7932137316634,-122.397043036718,The Chai Cart
37.787242602596706,-122.40687973821301,"San Francisco Carts & Concessions, Inc. DBA Stanley's Steamers Hot Dogs"
37.7270146636245,-122.387497359022,Liang Bai Ping
37.789691367587,-122.396595637084,Liang Bai Ping
37.7635404839296,-122.390096643663,Anas Goodies Catering
37.7447521916164,-122.385679248721,Park's Catering
37.7781481274607,-122.394440688559,Linda's Catering
37.7488013777145,-122.400552458785,Mike's Catering
37.7992601135023,-122.39961794865499,Senor Sisig
37.7331423951426,-122.41456863241899,Natan's Catering
37.7763814259936,-122.406934051626,Munch A Bunch
37.7862367744654,-122.38906620560499,Linda's Catering
37.750048825970396,-122.39967205970899,Mike's Catering
37.7600996654893,-122.412375997322,May Catering
37.744039098601704,-122.42509418633101,May Catering
37.7477720916075,-122.397031718978,Eva's Catering
37.7888771172666,-122.420091020038,The Huge Hotdog Concession
37.780561002676,-122.39284941302401,F & C Catering
37.7810746780754,-122.391705661167,Mike's Catering
37.7752901423195,-122.44073116211099,BH & MT LLC
37.753717416902106,-122.38835902104401,F & C Catering
37.7267279782571,-122.388658428832,Liang Bai Ping
37.7936733815047,-122.398463509486,"Expresso Subito, LLC."
37.7441784473757,-122.386715929759,Park's Catering
37.7844204919929,-122.39438063910102,Paradise Catering
37.7483758257779,-122.40320062649599,DO UC US Mobile Catering
37.772039113525,-122.395974631586,May Catering
37.778384300969,-122.438782388567,Linda's Catering
37.789486696127796,-122.402467438004,Scotch Bonnet
37.7724967778067,-122.41420984516701,John's Catering #5
37.7755661544145,-122.393279842341,Two G's Catering
37.7269507643782,-122.387979956262,Liang Bai Ping
37.7393786694373,-122.386337945153,Mini Mobile Food Catering
37.7715867026703,-122.414007043024,"Bay Area Mobile Catering, Inc. dba. Taqueria Angelica's"
37.7743980109403,-122.415658655811,May Catering
37.7734452149215,-122.400482576546,Two G's Catering
37.7194317184807,-122.398139506914,May Catering
37.7525772700714,-122.406806417152,May Catering
37.793186123336,-122.44588941867501,D & T Catering
37.7841316511211,-122.39591339799,Steve's Mobile Deli
37.7429898747753,-122.386773267176,Park's Catering
37.7417606496655,-122.38909797019501,Park's Catering
37.7579841905286,-122.433465780407,Eva's Catering
37.7467555544775,-122.400906270359,Park's Catering
37.7257891398124,-122.378972719624,Liang Bai Ping
37.7835133512454,-122.400813391105,"San Francisco Street Foods, Inc."
37.793871507150605,-122.39486523862101,"Halal Cart, LLC"
37.770702976097496,-122.39079035556601,Natan's Catering
37.7539277357265,-122.41332312961799,El Gallo Jiro
37.77582551975829,-122.41724962664301,Anas Goodies Catering
37.79419167647521,-122.393853704254,Steve's Mobile Deli
37.76785526935429,-122.422484404162,Alfaro Truck
37.7611829945051,-122.388118704077,Natan's Catering
37.7444982132112,-122.396955405842,Quan Catering
37.7438311721327,-122.377797368962,Anas Goodies Catering
37.7457292216884,-122.387797650837,Park's Catering
37.7860625210972,-122.392176463949,John's Catering #5
37.7708182299993,-122.41400729759701,Munch A Bunch
37.7492558595291,-122.39097537957701,Quan Catering
37.775510138049505,-122.390999306002,Got Snacks
37.769124412168104,-122.391474911246,Natan's Catering
37.7655864681473,-122.393197101166,May Catering
37.738726803987106,-122.40673602990499,La Jefa
37.7909215072692,-122.400100423738,"Viet Duong Co., Ltd."
37.7644523927651,-122.41267189164499,May Catering
37.7309061503597,-122.373302577485,Park's Catering
37.791777078364206,-122.397132524462,Two G's Catering
37.7628149532289,-122.413211513673,May Catering
37.7266647697066,-122.384144224606,Liang Bai Ping
37.740994735002396,-122.40117233538601,Tacos Rodriguez
37.78813947887161,-122.392579515374,Liang Bai Ping
37.7820490943809,-122.399576873623,Steve's Mobile Deli
37.7651064631908,-122.38967948728998,John's Catering #5
37.7524049924783,-122.387000196298,Natan's Catering
37.7932622069231,-122.40178909136299,Scotch Bonnet
37.7428202346759,-122.382847355518,Natan's Catering
37.7901490737255,-122.398658184604,Scotch Bonnet
37.7893854510391,-122.409591260467,Philz Coffee Truck
37.769828933701795,-122.400101143043,F & C Catering
37.727086633951394,-122.381074448749,Liang Bai Ping
37.774703047468705,-122.39408939657,Two G's Catering
37.7909215072692,-122.400100423738,Roadside Rotisserie Corporation / Country Grill
37.7638580813603,-122.42208262099301,The Chai Cart
37.7870765303843,-122.392982624228,Mini Mobile Food Catering
37.780291820591295,-122.40685797796499,Steve's Mobile Deli
37.7891192076677,-122.39588103933501,JapaCurry
37.7889101495704,-122.40719603412201,"San Francisco Carts & Concessions, Inc. DBA Stanley's Steamers Hot Dogs"
37.7654338684827,-122.400198205294,May Catering
37.7823601210175,-122.40209599456301,"Off the Grid Services, LLC"
37.7934465278161,-122.400343675592,Roadside Rotisserie Corporation / Country Grill
37.778388615786604,-122.403191783229,Natan's Catering
37.743713475368,-122.38596479003598,Park's Catering
37.793681345774104,-122.442002100568,D & T Catering
37.710193019975705,-122.455221906126,San Pancho's Tacos
37.7816889753451,-122.39106181728701,Think is Good Inc.
37.723056509338896,-122.39111194064199,Liang Bai Ping
37.7921505484817,-122.39399997405899,Sanguchon
37.8050495090589,-122.41433443693998,Anas Goodies Catering
37.7647453507195,-122.41656213946999,"Santana ESG, Inc."
37.7806943774082,-122.409668813219,Rita's Catering
37.7544764341075,-122.412855363284,May Catering
37.7743376663696,-122.394053286313,May Catering
37.7417178307439,-122.40541797744801,Giant Burrito
37.7674662871448,-122.390860289431,Natan's Catering
37.7477720916075,-122.397031718978,Natan's Catering
37.772561689774,-122.404474024011,Two G's Catering
37.7550307267667,-122.384530734223,Mike's Catering
37.7853956394405,-122.40439104283001,Kettle Corn Star
37.7637272136329,-122.40933414879,John's Catering #5
37.7267096753687,-122.385294691187,Liang Bai Ping
37.792385444513,-122.44399150943701,D & T Catering
37.7925359884311,-122.394593199235,"Slider Shack, LLC."
37.7292233375937,-122.39461306266399,Two G's Catering
37.775228307834,-122.41746613187,"Bay Area Mobile Catering, Inc. dba. Taqueria Angelica's"
37.7789185898934,-122.446748796815,John's Catering #5
37.796479996816394,-122.442530024725,D & T Catering
37.789248908413704,-122.39889295934601,Think is Good Inc.
37.7300036831892,-122.478186325415,Natan's Catering
37.7696400322177,-122.38623665419901,Mike's Catering
37.7164430021474,-122.389937879321,May Catering
37.726470716246,-122.381541219158,Liang Bai Ping
37.7975789880604,-122.411439886089,Mike's Catering
37.7629143116115,-122.40895116153798,May Catering
37.743224683861605,-122.385342973421,Park's Catering
37.7879000978181,-122.394594036205,Mini Mobile Food Catering
37.757917056690104,-122.39547585248998,Anas Goodies Catering
37.793176638624395,-122.446061864659,D & T Catering
37.75313903797839,-122.39024681698099,Two G's Catering
37.770892231031794,-122.389169231483,DO UC US Mobile Catering
37.789233282896106,-122.40557905421001,"San Francisco Street Foods, Inc."
37.7763271477899,-122.39179682107701,"Off the Grid Services, LLC"
37.7856100863691,-122.408154764345,Senor Sisig
37.7502368847791,-122.397818031719,Quan Catering
37.786319798284005,-122.398235074249,Quan Catering
37.76743301733121,-122.392149114172,Natan's Catering
37.7736941524749,-122.40965844135599,Mini Mobile Food Catering
37.7678824549751,-122.406310586005,Steve's Mobile Deli
37.804577869090096,-122.43301077434299,Philz Coffee Truck
37.7652159489938,-122.406006972029,Munch A Bunch
37.768903520566504,-122.415981174601,Anas Goodies Catering
37.7802154802881,-122.41602577015101,Hiyaaa
37.7777552165686,-122.394807823179,Linda's Catering
37.723078757516,-122.387525704017,Anas Goodies Catering
37.7519716288769,-122.387965483801,Quan Catering
37.7508496068125,-122.390027615501,Mike's Catering
37.7287879577264,-122.392294820702,Quan Catering
37.7526605204123,-122.475473531781,Eva's Catering
37.7679845948645,-122.41395382252199,John's Catering #5
37.746469788114794,-122.39151523877199,Park's Catering
37.7502368847791,-122.397818031719,Anas Goodies Catering
37.782834163698396,-122.40883794044599,Yummy Hot Dogs
37.7992601135023,-122.39961794865499,"Off the Grid Services, LLC"
37.7430142496315,-122.384460244935,Park's Catering
37.7521241631187,-122.475872322222,Eva's Catering
37.7914265413321,-122.401037856688,Scotch Bonnet
37.7921505484817,-122.39399997405899,"Casey's Pizza, LLC"
37.7867446133897,-122.397471456326,Steve's Mobile Deli
37.7723639147673,-122.39704097036301,Mini Mobile Food Catering
37.7238788408325,-122.387010878785,Liang Bai Ping
37.753360829455104,-122.393045920798,Anas Goodies Catering
37.748445338837705,-122.38687903198,Anas Goodies Catering
37.7768763887765,-122.40025957520201,Eva's Catering
37.788457028828894,-122.399884160566,"Expresso Subito, LLC."
37.779750838619,-122.397032985161,Steve's Mobile Deli
37.792609401119,-122.40131490545099,"Casey's Pizza, LLC"
37.7878141077683,-122.396322298302,Steve's Mobile Deli
37.778710391900894,-122.40183935033001,Subs on Hubs
37.748445338837705,-122.38687903198,Natan's Catering
37.74459119509171,-122.393076880858,Park's Catering
37.7873224193199,-122.39222370638299,Mini Mobile Food Catering
37.7650271638822,-122.41550777248999,May Catering
37.7685570713121,-122.40961023629801,Mini Mobile Food Catering
37.7744491107754,-122.402087236063,Quan Catering
37.7901855706334,-122.395471725809,Mini Mobile Food Catering
37.7267339112416,-122.378972005236,Liang Bai Ping
37.7638640323832,-122.458391749844,DO UC US Mobile Catering
37.774074841058294,-122.390668458146,May Catering
37.756923653734106,-122.393549610536,Anas Goodies Catering
37.739111429745,-122.382464971136,Tacos Rodriguez
37.7679955456856,-122.387549426547,Natan's Catering
37.7839220701115,-122.446721633172,BH & MT LLC
37.7682493867935,-122.39843065021401,Natan's Catering
37.7760987531573,-122.40028723986799,Eva's Catering
37.795051430826,-122.446134422674,D & T Catering
37.766217450679996,-122.403952784121,Tres Agaves Mexican Kitchen & Tequila Lounge LLC. dba Tres Truck
37.7504641155225,-122.387908325902,Anas Goodies Catering
37.726382932182204,-122.378434782668,Park's Catering
37.768075885952705,-122.408289595287,May Catering
37.76854328902421,-122.408492892439,Natan's Catering
37.788457028828894,-122.399884160566,El Calamar Perubian Food Truck
37.792029058081106,-122.446576890144,D & T Catering
37.7654969876192,-122.464597619571,Linda's Catering
37.773915065679795,-122.420026291504,John's Catering #5
37.717174161803605,-122.392222474624,Golden Catering
37.7721522432444,-122.387742984116,Mike's Catering
37.765459737468206,-122.40213637617902,Tres Agaves Mexican Kitchen & Tequila Lounge LLC. dba Tres Truck
37.7711790005481,-122.406573673429,Subs on Hubs
37.781264686022794,-122.39322904153799,"Off the Grid Services, LLC"
37.773610979516,-122.40595840711201,Two G's Catering
37.7475862762565,-122.398865700796,Park's Catering
37.787565165378794,-122.40959283347999,Think is Good Inc.
37.7871762917416,-122.407398075958,"San Francisco Carts & Concessions, Inc. DBA Stanley's Steamers Hot Dogs"
37.75093164764021,-122.411419966206,"Bay Area Mobile Catering, Inc. dba. Taqueria Angelica's"
37.776048708092205,-122.42393921117201,"Casey's Pizza, LLC"
37.7743789308184,-122.399574742126,Steve's Mobile Deli
37.7644595214424,-122.42516137635799,BH & MT LLC
37.7479309361129,-122.415193153909,Anas Goodies Catering
37.749458329027,-122.385081339678,Natan's Catering
37.8077432884455,-122.42414994487,"Bay Area Dots, LLC"
37.788864715342996,-122.39935935136299,John's Catering #5
37.790885463501894,-122.396685875811,May Catering
37.7860914634251,-122.3934729318,Steve's Mobile Deli
37.7808315769119,-122.41994286468201,John's Catering #5
37.7934414335598,-122.44389121378401,D & T Catering
37.7570155244597,-122.394062947116,Anas Goodies Catering
37.7678171814141,-122.420575335142,CARDONA'S FOOD TRUCK
37.736572182418705,-122.378209667202,May Catering
37.769087126767104,-122.41152766713199,May Catering
37.7377268665958,-122.376572914573,Park's Catering
37.7242977785276,-122.459377309548,San Pancho's Tacos
37.7456366838808,-122.454233188657,May Catering
37.7487621514792,-122.414326828755,May Catering
37.723576856488705,-122.390059101399,Anas Goodies Catering
37.767347670704105,-122.420476639081,Munch A Bunch
37.7512694058781,-122.389894366944,Anas Goodies Catering
37.7492558595291,-122.39097537957701,"Bay Area Mobile Catering, Inc. dba. Taqueria Angelica's"
37.7992601135023,-122.39961794865499,Roadside Rotisserie Corporation / Country Grill
37.7683202495106,-122.427110643955,BH & MT LLC
37.7536998999438,-122.390068346908,Mike's Catering
37.7933225090245,-122.44011927447399,D & T Catering
37.792346385148,-122.402385322794,Sanguchon
37.7598258374358,-122.40920291508301,May Catering
37.738117771591895,-122.40441846721201,Natan's Catering
37.726125239645,-122.383199327239,Liang Bai Ping
37.780724097769706,-122.40123539265801,Anas Goodies Catering
37.765820454483205,-122.411968357912,May Catering
37.7214508397335,-122.38935344507601,Anas Goodies Catering
37.7187880790201,-122.39810598775,May Catering
37.753108749871295,-122.38817020206601,F & C Catering
37.7730940844723,-122.405145856485,Two G's Catering
37.7516084135789,-122.39030948950099,Anas Goodies Catering
37.7478431533724,-122.39457521495702,May Catering
37.7593037663834,-122.395902231236,Natan's Catering
37.7953158932065,-122.4399079176,D & T Catering
37.7489792411554,-122.402409234561,May Catering
37.722629217598296,-122.390061846327,Eva's Catering
37.759796271722706,-122.40957342162399,John's Catering #5
37.7531551067155,-122.391174184456,Natan's Catering
37.787514060738104,-122.399566331429,Senor Sisig
37.726725793811795,-122.389249858027,Liang Bai Ping
37.790485146128,-122.40094044068998,"Santana ESG, Inc."
37.7524049924783,-122.387000196298,Tacos El Flaco
37.7932622069231,-122.40178909136299,Lobsta Truck
37.771467215901,-122.41287229421002,Mini Mobile Food Catering
37.7494429376004,-122.387985532504,Anas Goodies Catering
37.7251817007288,-122.38819268844401,Liang Bai Ping
37.7640520899242,-122.390144393988,Anas Goodies Catering
37.778266576694605,-122.39883592244499,Quan Catering
37.7641601282203,-122.38814226212799,May Catering
37.784990279306506,-122.405676629072,Creme Brulee To Go
37.764741322675,-122.387124812179,Natan's Catering
37.7718682257671,-122.405657636251,Two G's Catering
37.7687652509586,-122.41690220595301,John's Catering #5
37.77662691992229,-122.399555503787,John's Catering #5
37.771158036961495,-122.38693125756201,Two G's Catering
37.769897748896106,-122.39109827963499,DO UC US Mobile Catering
37.7644472955619,-122.39798737150801,Natan's Catering
37.7935769332618,-122.40322987670099,Roadside Rotisserie Corporation / Country Grill
37.7701375805015,-122.41598340280399,Mini Mobile Food Catering
37.7261456924729,-122.38822774090299,Liang Bai Ping
37.78956931389661,-122.39512939052099,John's Catering #5
37.779051111573104,-122.398303881334,Linda's Catering
37.7488013777145,-122.400552458785,Park's Catering
37.786904919457,-122.390920262962,Quan Catering
37.788778723378,-122.40257456841101,Roadside Rotisserie Corporation / Country Grill
37.788864715342996,-122.39935935136299,Faith Sandwich
37.7620084580302,-122.38544181156799,Natan's Catering
37.788778723378,-122.40257456841101,"Casey's Pizza, LLC"
37.7638640323832,-122.458391749844,Munch A Bunch
37.7835091222127,-122.49007120809999,Eva's Catering
37.7772235984329,-122.417361361253,HALAL SF GYRO
37.7749754998217,-122.40938582319401,Subs on Hubs
37.7550307267667,-122.384530734223,BH & MT LLC
37.7533400011811,-122.384128384237,Natan's Catering
37.7536799789675,-122.390414532294,Mike's Catering
37.780918000993,-122.39241698313299,Roadside Rotisserie Corporation / Country Grill
37.7638707601661,-122.460600563879,May Catering
37.7464705066471,-122.388990808654,Natan's Catering
37.775589079959396,-122.39797690638001,"Off the Grid Services, LLC"
37.7499452857571,-122.400420884438,May Catering
37.7767362127501,-122.416394930077,HALAL SF GYRO
37.792346385148,-122.402385322794,Plaza Garibaldy
37.7706453983908,-122.39347693719999,May Catering
37.7516910357229,-122.39437421326299,Park's Catering
37.7489503634271,-122.401493189708,Mini Mobile Food Catering
37.7583033956425,-122.393514054817,Natan's Catering
37.7253194336755,-122.381389209427,Liang Bai Ping
37.776039062665895,-122.424175571492,Let's Be Frank
37.764202378301896,-122.39428524233999,Anas Goodies Catering
37.7881452832928,-122.39118192026301,Liang Bai Ping
37.787157744173996,-122.395447605152,Paradise Catering
37.754251708893705,-122.38938122888,F & C Catering
37.7831754207336,-122.409568315547,Yummy Hot Dogs
37.788864715342996,-122.39935935136299,Lobsta Truck
37.790485146128,-122.40094044068998,Tacos Rodriguez
37.7265904795194,-122.381752211406,Liang Bai Ping
37.7936733815047,-122.398463509486,"Expresso Subito, LLC."
37.724172892761295,-122.389735429011,Liang Bai Ping
37.7923898619832,-122.401269695236,JapaCurry
37.7632990560446,-122.388482306805,Anas Goodies Catering
37.726249481798604,-122.38781536801399,Liang Bai Ping
37.7851109204478,-122.407422668277,"The New York Frankfurter Co. of CA, Inc. DBA: Annie's Hot Dogs"
37.8037902440403,-122.42414517498301,D & T Catering
37.7885275753132,-122.418313685721,Munch A Bunch
37.7507607694601,-122.40154029135701,Natan's Catering
37.7476160722331,-122.401976975724,May Catering
37.7447521916164,-122.385679248721,Natan's Catering
37.7800057026855,-122.390270961311,Steve's Mobile Deli
37.7969137124835,-122.396650675264,Curry Up Now
37.762476819591,-122.41181900367901,May Catering
37.7962154965941,-122.403754558245,Philz Coffee Truck
37.7946438346195,-122.399644298529,"San Francisco Street Foods, Inc."
37.7926407167337,-122.39897033211099,Lobsta Truck
37.7550307267667,-122.384530734223,Anas Goodies Catering
37.766897602559204,-122.42032247306801,CARDONA'S FOOD TRUCK
37.7508496068125,-122.390027615501,Anas Goodies Catering
37.747954964567796,-122.395797384916,May Catering
37.758786162305604,-122.390958398693,Anas Goodies Catering
37.7818671175741,-122.429885247603,Anas Goodies Catering
37.783946907974205,-122.407158344984,Kettle Corn Star
37.7940531837329,-122.397347693326,Quan Catering
37.74671130304029,-122.392150319453,Park's Catering
37.787973283216,-122.40018504988899,JapaCurry
37.778493597185204,-122.42295474739599,Munch A Bunch
37.7831711043434,-122.39290104947901,Linda's Catering
37.767797843619,-122.412096318861,Quan Catering
37.761571848719704,-122.409444718958,May Catering
37.7615022039664,-122.38927699608101,Anas Goodies Catering
37.7437839233827,-122.40378882961001,Park's Catering
37.740303872806,-122.406059743494,Natan's Catering
37.763462959906605,-122.39401294737699,Anas Goodies Catering
37.753717416902106,-122.38835902104401,May Catering
37.766124694427,-122.39547306227,Buenafe
37.7913707416848,-122.39031281210698,Steve's Mobile Deli
37.7706833950426,-122.420879561399,Anas Goodies Catering
37.7879142297241,-122.405270523095,"San Francisco Carts & Concessions, Inc. DBA Stanley's Steamers Hot Dogs"
37.7927957415787,-122.40135328093099,Philz Coffee Truck
37.746104451715205,-122.400361834965,May Catering
37.7716538513679,-122.411809068524,Anas Goodies Catering
37.7592459190261,-122.387917376991,May Catering
37.7454064294164,-122.390081224847,Natan's Catering
37.712302604744394,-122.431644190373,Giant Burrito
37.752241668480295,-122.389188542589,F & C Catering
37.7720086564688,-122.399083845473,Mini Mobile Food Catering
37.748848056566295,-122.412618994655,Natan's Catering
37.7520745862084,-122.390144900822,Anas Goodies Catering
37.7271104333828,-122.388261288144,Liang Bai Ping
37.7679955456856,-122.387549426547,Two G's Catering
37.732134951922205,-122.375398078567,Park's Catering
37.735005299128396,-122.415417409745,Golden Catering
37.7476160722331,-122.401976975724,Park's Catering
37.7475862762565,-122.398865700796,May Catering
37.7806472100484,-122.39462918166201,Tacos El Ojo De Agua
37.7581699396153,-122.390900582667,Two G's Catering
37.780819486999505,-122.400050152139,Steve's Mobile Deli
37.7239799038929,-122.39590345491301,Anas Goodies Catering
37.7429898747753,-122.386773267176,F & C Catering
37.7763271477899,-122.39179682107701,May Catering
37.7618523975041,-122.38993209325001,Anas Goodies Catering
37.7923667868831,-122.40014830676701,Hiyaaa
37.749916469390996,-122.40113011221202,May Catering
37.7244132432963,-122.390157239611,Liang Bai Ping
37.7891192076677,-122.39588103933501,"Slider Shack, LLC."
37.7653706693171,-122.403907848212,Natan's Catering
37.7871828477154,-122.401234808851,"Casey's Pizza, LLC"
37.711632281194895,-122.390016333636,Golden Catering
37.7264851632165,-122.38323245870701,Liang Bai Ping
37.7631563932265,-122.42032223152599,Natan's Catering
37.7931486269835,-122.402567175578,Halal Cart of San Francisco
37.7748713162388,-122.39853170827601,F & C Catering
37.790947041923395,-122.39863358940399,"Halal Cart, LLC"
37.7931486269835,-122.402567175578,"Halal Cart, LLC"
37.74459119509171,-122.393076880858,Natan's Catering
37.7929489528347,-122.398098613167,Senor Sisig
37.792109338609,-122.39580386550199,"The Sandwich Stand, LLC."
37.7821536409986,-122.406601106839,Senor Sisig
37.7434400420051,-122.399932569577,May Catering
37.760086931987,-122.418806481101,Leo's Hot Dogs
37.7821536409986,-122.406601106839,Fresh Made Cafe
37.744889286143,-122.390971976935,Tacos El Primo
37.7940531837329,-122.397347693326,Halal Food
37.7298054805741,-122.39924710472401,Tacos El Primo
37.7631083253767,-122.413454890022,El Tonayense #60
37.7259304950399,-122.389215559421,Tacos El Primo
37.7302216813049,-122.402978526686,Tacos Santana
37.7445185826649,-122.398940846628,Tacos Santana
37.7424951959228,-122.391617595098,Tacos Santana
